20240229	JRyVJKj4z7E	How to Write a Strong Literature Review WITHOUT A.I.	en-orig	2278	730	12556
20240308	-mEdJPYahxo	English Professor Breaks Down Grammar Nazis	en-orig	3599	1251	17007
20240320	sHclRP3xJK8	Big Writing Mistakes Freshmen Must Stop Making	en-orig	2242	768	788
20240406	rC2O0J5k2eM	Literature Review SECRETS from Hollywood Writers	en-orig	2771	904	2008
20240512	kTl79dinMBM	You're NOT a Bad Researcher! How to Easily Boost Citations	en-CA	2010	720	1137
20240826	wXF_O741o6I	What ANY WRITER can learn from Naval Ravikant	en-orig	2260	766	1883
20240919	IdS73fqqSTE	Incredible Books that Were NOT Recommended to Me	en-orig	6730	2404	541
20240929	lvMkX6OX4dg	3 Simple Concepts that'll Make Your Writing Clear	en-orig	2229	764	2022
20250113	_X0UERlwz7Y	4 Writing Hacks that Readers Love	en-orig	3071	1039	26225
20250123	vFsQgIQFtwM	How to Write a Great Sentence ｜ Writing Tips from an English Professor	en-orig	2233	690	2323
20250130	Tgpx_04p2g8	How to Start Writing for Beginners	en-orig	3131	978	2150
20250224	G-Sl0-PZv2Q	20 Years of Writing Advice in 52 mins	en-orig	8825	3128	12987
20250329	30Ic686MRZU	The Silent Dialogue Hack Expert Writers Use to Hook You	en-orig	3272	1212	5236
20250504	0-YMN4Z-H_0	The Biggest Mistake in Nonfiction Writing	en-orig	2724	1009	557
20250529	MtbfC3gQNNE	EXACTLY How to Create Flow in Your Nonfiction Writing	en-orig	2681	1093	445
20250704	MTWhCW33mAw	The EXACT Writing System to Make Readers Recommend Your Book	en-orig	2736	969	518
20250713	hWHB2noYItY	6 Types of Nonfiction Books to Start Writing Today	en-orig	6929	2351	424
20250722	CSkWxm3flEQ	What Went Wrong with Dan Koe's Book	en-orig	6626	2172	1090
20250808	jmUlhEAS6GE	The ultimate guide to writing WITHOUT A.I.	en-orig	13740	4505	7439
20250814	kiIGwqwc49Q	Writing is a two-player game (here's how to win)	en-orig	4708	1524	330
20250826	DkigGUpCR1I	This type of essay turns normal experience into valuable writing	en-orig	6871	2216	888
20250902	qPb2659z8jQ	The novelist helping experts write well	en-orig	6440	2138	2132
20250908	KSVv5SW2YU4	give me 43 min, I'll DELETE your writer’s block	en-CA	7916	2615	708
20250924	bBg7GyIfn0A	I’m an Editor, these are the 7 First-Draft Mistakes I Fix All the Time	en-orig	4085	1446	326
20251019	iCaX5cZ6roo	I wish I knew this before I started writing online	en-orig	2095	725	222
20251026	IqPLeyTahLs	How to write so well that readers stop scrolling	en-orig	2262	856	377
20260104	iTZt1_eocUg	9 Techniques for Clearer Writing (I Wish I Knew Sooner)	en-orig	6873	2640	4832
20260111	ePQoPNHZ7UY	I Analysed 100 Opening Paragraphs. Here's What Makes Readers Obsessed.	en-orig	2841	985	11108
20260118	nsa44tXal7A	How to Articulate Your Thoughts More Clearly than 99% of Writers	en-orig	3282	1252	20607
20260125	UqiEjaCiWmQ	Write 10X Clearer： Do These 3 Writing Exercises to Connect with Readers	en-orig	2859	988	1131
20260129	OHfMQeZqo60	How Modern Schools Make Terrible Writers (Deliberately)	en-orig	4117	1433	764
20260201	LAmzkEyt60E	Watch this if you want to IMPROVE the way you write	en-orig	3998	1498	644
20260208	j1JRSan9CYg	Writing Online Is Hard, Until Experts Do This	en-orig	2633	921	1708
20260215	FcUtF0UdPsg	Afraid of the EM dash？	en-orig	2079	779	696
20260222	VkXMlrvq29o	The Top 1% of Experts Think on Paper—Here's How	en-orig	3448	1166	7387
20260401	JGSA6Wbbaxo	The 5 Writing Skills A.I. Will Never Replace	en-orig	4254	1536	455
20260405	n1CrHXxcfbA	Expert Writing Patterns that Keep Readers Hooked	en-orig	3245	1425	1612
20260409	4nIo92ALrd0	Why You Should Write an Essay (Even If No One Reads It)	en-orig	3954	1372	1412
20260423	ED_LXx3Hzak	The writing advice that's keeping smart people small	en-orig	3872	1407	774
20260426	_ribgj7VIGc	I learned a system for writing effortlessly	en-orig	4250	1454	3135
20260505	CXmMXFutuus	give up DISCIPLINE, you'll write freely	en-CA	4826	None	None
20260510	IOCOw72YjZk	Writing Advice I've Changed My Mind About (After Teaching It For 10 Years)	en-orig	4075	1486	1274
20260521	Jhchk10LlRk	Revealing a New Yorker Writer's Personal Essay Strategy	en-orig	1906	683	995
20260720	gaqIcDkTakA	I coached 25 writers to learn THIS	en-orig	6756	2125	867
20260723	3kf9rRztJgA	A.I. Mistakes Writers Must Stop Making	en-orig	3068	1094	2626
20260727	2ToJcKiQWBc	What Makes the Perfect Essay (5 Things)	en-orig	3387	1228	11619
20260815	VrxufNaORhU	＂Interference＂ Is Why You Can't Write Well	en-CA	3888	None	None
20260820	cayUBPHB1HQ	The Most Powerful Writing Frameworks to Write CLEARLY	en-CA	3812	None	None
20260824	mQ02Vwg-Uuo	Why you can't write like you think	en-CA	2409	866	10134
20260913	6HPNb0tiDNg	The EXACT System to Transform Messy Drafts into Clear Writing	en-orig	6693	2153	37850
